,date,time,comp,round,day,venue,result,gf,ga,opponent,xg,xga,poss,attendance,captain,formation,referee,match report,notes,sh,sot,dist,fk,pk,pkatt,season,team
0,2023-08-13,14:00,Premier League,Matchweek 1,Sun,Away,D,2,2,Brentford,1.3,2.2,69.0,17066.0,Son Heung-min,4-2-3-1,Robert Jones,Match Report,,18.0,6.0,19.6,0.0,0,0,2023,Tottenham Hotspur
1,2023-08-19,17:30,Premier League,Matchweek 2,Sat,Home,W,2,0,Manchester Utd,1.7,2.1,55.0,61910.0,Son Heung-min,4-2-3-1,Michael Oliver,Match Report,,17.0,6.0,13.8,0.0,0,0,2023,Tottenham Hotspur
2,2023-08-26,12:30,Premier League,Matchweek 3,Sat,Away,W,2,0,Bournemouth,2.1,0.7,56.0,10567.0,Son Heung-min,4-2-3-1,Tim Robinson,Match Report,,17.0,6.0,16.6,1.0,0,0,2023,Tottenham Hotspur
4,2023-09-02,15:00,Premier League,Matchweek 4,Sat,Away,W,5,2,Burnley,2.2,1.3,53.0,21750.0,Son Heung-min,4-2-3-1,Darren England,Match Report,,21.0,11.0,19.3,0.0,0,0,2023,Tottenham Hotspur
5,2023-09-16,15:00,Premier League,Matchweek 5,Sat,Home,W,2,1,Sheffield Utd,2.1,0.7,70.0,61706.0,Son Heung-min,4-2-3-1,Peter Bankes,Match Report,,28.0,10.0,16.4,0.0,0,0,2023,Tottenham Hotspur
6,2023-09-24,14:00,Premier League,Matchweek 6,Sun,Away,D,2,2,Arsenal,1.4,1.8,53.0,60156.0,Son Heung-min,4-2-3-1,Robert Jones,Match Report,,13.0,5.0,16.0,0.0,0,0,2023,Tottenham Hotspur
7,2023-09-30,17:30,Premier League,Matchweek 7,Sat,Home,W,2,1,Liverpool,2.2,1.3,64.0,62001.0,Son Heung-min,4-2-3-1,Simon Hooper,Match Report,,24.0,8.0,19.8,0.0,0,0,2023,Tottenham Hotspur
8,2023-10-07,12:30,Premier League,Matchweek 8,Sat,Away,W,1,0,Luton Town,1.9,0.8,66.0,10290.0,Son Heung-min,4-2-3-1,John Brooks,Match Report,,15.0,4.0,16.9,1.0,0,0,2023,Tottenham Hotspur
1,2023-08-12,12:30,Premier League,Matchweek 1,Sat,Home,W,2,1,Nott'ham Forest,0.8,1.2,78.0,59984.0,Martin Ødegaard,4-3-3,Michael Oliver,Match Report,,15.0,7.0,19.1,0.0,0,0,2023,Arsenal
2,2023-08-21,20:00,Premier League,Matchweek 2,Mon,Away,W,1,0,Crystal Palace,2.0,1.0,53.0,24189.0,Martin Ødegaard,4-3-3,David Coote,Match Report,,13.0,2.0,16.4,0.0,1,1,2023,Arsenal
3,2023-08-26,15:00,Premier League,Matchweek 3,Sat,Home,D,2,2,Fulham,3.2,0.6,71.0,59961.0,Martin Ødegaard,4-3-3,Paul Tierney,Match Report,,18.0,9.0,13.8,0.0,1,1,2023,Arsenal
4,2023-09-03,16:30,Premier League,Matchweek 4,Sun,Home,W,3,1,Manchester Utd,2.3,0.9,55.0,60192.0,Martin Ødegaard,4-3-3,Anthony Taylor,Match Report,,17.0,5.0,15.0,0.0,0,0,2023,Arsenal
5,2023-09-17,16:30,Premier League,Matchweek 5,Sun,Away,W,1,0,Everton,1.0,0.3,74.0,39217.0,Martin Ødegaard,4-3-3,Simon Hooper,Match Report,,13.0,4.0,17.4,0.0,0,0,2023,Arsenal
7,2023-09-24,14:00,Premier League,Matchweek 6,Sun,Home,D,2,2,Tottenham,1.8,1.4,47.0,60156.0,Martin Ødegaard,4-3-3,Robert Jones,Match Report,,12.0,4.0,16.9,0.0,1,1,2023,Arsenal
9,2023-09-30,15:00,Premier League,Matchweek 7,Sat,Away,W,4,0,Bournemouth,3.4,0.6,57.0,11193.0,Martin Ødegaard,4-3-3,Michael Salisbury,Match Report,,13.0,6.0,15.5,0.0,2,2,2023,Arsenal
11,2023-10-08,16:30,Premier League,Matchweek 8,Sun,Home,W,1,0,Manchester City,0.4,0.5,49.0,60233.0,Martin Ødegaard,4-3-3,Michael Oliver,Match Report,,12.0,2.0,19.2,0.0,0,0,2023,Arsenal
1,2023-08-11,20:00,Premier League,Matchweek 1,Fri,Away,W,3,0,Burnley,1.9,0.3,65.0,21572.0,Kevin De Bruyne,4-2-3-1,Craig Pawson,Match Report,,17.0,8.0,13.9,0.0,0,0,2023,Manchester City
3,2023-08-19,20:00,Premier League,Matchweek 2,Sat,Home,W,1,0,Newcastle Utd,1.0,0.3,59.0,,Kyle Walker,4-2-3-1,Robert Jones,Match Report,,14.0,4.0,17.9,0.0,0,0,2023,Manchester City
4,2023-08-27,14:00,Premier League,Matchweek 3,Sun,Away,W,2,1,Sheffield Utd,3.5,0.7,79.0,31336.0,Kyle Walker,4-2-3-1,Jarred Gillett,Match Report,,29.0,9.0,17.3,2.0,0,1,2023,Manchester City
5,2023-09-02,15:00,Premier League,Matchweek 4,Sat,Home,W,5,1,Fulham,2.2,1.4,68.0,52899.0,Kyle Walker,4-2-3-1,Michael Oliver,Match Report,,6.0,4.0,14.8,0.0,1,1,2023,Manchester City
6,2023-09-16,15:00,Premier League,Matchweek 5,Sat,Away,W,3,1,West Ham,3.6,0.9,68.0,62475.0,Kyle Walker,4-2-3-1,Andy Madley,Match Report,,29.0,13.0,16.4,1.0,0,0,2023,Manchester City
8,2023-09-23,15:00,Premier League,Matchweek 6,Sat,Home,W,2,0,Nott'ham Forest,1.3,1.0,57.0,53413.0,Kyle Walker,4-2-3-1,Anthony Taylor,Match Report,,7.0,4.0,17.2,2.0,0,0,2023,Manchester City
10,2023-09-30,15:00,Premier League,Matchweek 7,Sat,Away,L,1,2,Wolves,0.9,0.4,68.0,31415.0,Kyle Walker,4-2-3-1,Craig Pawson,Match Report,,23.0,8.0,19.3,1.0,0,0,2023,Manchester City
12,2023-10-08,16:30,Premier League,Matchweek 8,Sun,Away,L,0,1,Arsenal,0.5,0.4,51.0,60233.0,Kyle Walker,4-3-3,Michael Oliver,Match Report,,4.0,0.0,14.9,0.0,0,0,2023,Manchester City
0,2023-08-13,16:30,Premier League,Matchweek 1,Sun,Away,D,1.0,1.0,Chelsea,1.3,1.4,35.0,40096.0,Virgil van Dijk,4-3-3,Anthony Taylor,Match Report,,13.0,1.0,17.8,0.0,0,0,2023,Liverpool
1,2023-08-19,15:00,Premier League,Matchweek 2,Sat,Home,W,3.0,1.0,Bournemouth,3.0,1.3,64.0,53145.0,Virgil van Dijk,4-3-3,Thomas Bramall,Match Report,,25.0,9.0,16.8,1.0,0,1,2023,Liverpool
2,2023-08-27,16:30,Premier League,Matchweek 3,Sun,Away,W,2.0,1.0,Newcastle Utd,0.9,2.0,41.0,52214.0,Virgil van Dijk,4-3-3,John Brooks,Match Report,,9.0,4.0,17.2,1.0,0,0,2023,Liverpool
3,2023-09-03,14:00,Premier League,Matchweek 4,Sun,Home,W,3.0,0.0,Aston Villa,2.5,0.7,63.0,50109.0,Trent Alexander-Arnold,4-3-3,Simon Hooper,Match Report,,17.0,4.0,14.7,0.0,0,0,2023,Liverpool
4,2023-09-16,12:30,Premier League,Matchweek 5,Sat,Away,W,3.0,1.0,Wolves,2.5,0.6,65.0,31257.0,Andrew Robertson,4-3-3,Michael Oliver,Match Report,,16.0,5.0,15.8,0.0,0,0,2023,Liverpool
6,2023-09-24,14:00,Premier League,Matchweek 6,Sun,Home,W,3.0,1.0,West Ham,3.0,1.1,63.0,50136.0,Virgil van Dijk,4-3-3,Chris Kavanagh,Match Report,,21.0,6.0,19.3,2.0,1,1,2023,Liverpool
8,2023-09-30,17:30,Premier League,Matchweek 7,Sat,Away,L,1.0,2.0,Tottenham,1.3,2.2,36.0,62001.0,Virgil van Dijk,4-3-3,Simon Hooper,Match Report,,12.0,4.0,14.9,0.0,0,0,2023,Liverpool
10,2023-10-08,14:00,Premier League,Matchweek 8,Sun,Away,D,2.0,2.0,Brighton,2.3,2.3,54.0,31752.0,Virgil van Dijk,4-3-3,Anthony Taylor,Match Report,,13.0,3.0,18.8,0.0,1,1,2023,Liverpool
0,2023-08-12,17:30,Premier League,Matchweek 1,Sat,Away,L,1.0,5.0,Newcastle Utd,1.8,3.3,48.0,52207.0,John McGinn,4-2-3-1,Andy Madley,Match Report,,16.0,6.0,14.5,1.0,0,0,2023,Aston Villa
1,2023-08-20,14:00,Premier League,Matchweek 2,Sun,Home,W,4.0,0.0,Everton,2.9,0.6,60.0,41694.0,John McGinn,4-2-3-1,Anthony Taylor,Match Report,,12.0,6.0,18.5,0.0,1,1,2023,Aston Villa
3,2023-08-27,14:00,Premier League,Matchweek 3,Sun,Away,W,3.0,1.0,Burnley,2.5,0.7,43.0,21591.0,John McGinn,3-4-3,Michael Salisbury,Match Report,,16.0,6.0,13.4,0.0,0,0,2023,Aston Villa
5,2023-09-03,14:00,Premier League,Matchweek 4,Sun,Away,L,0.0,3.0,Liverpool,0.7,2.5,37.0,50109.0,John McGinn,4-4-2,Simon Hooper,Match Report,,9.0,3.0,12.5,0.0,0,0,2023,Aston Villa
6,2023-09-16,15:00,Premier League,Matchweek 5,Sat,Home,W,3.0,1.0,Crystal Palace,3.0,1.2,66.0,40809.0,John McGinn,4-2-3-1,Darren England,Match Report,,15.0,4.0,16.2,0.0,1,1,2023,Aston Villa
8,2023-09-24,14:00,Premier League,Matchweek 6,Sun,Away,W,1.0,0.0,Chelsea,1.0,1.3,47.0,39700.0,John McGinn,4-2-3-1,Jarred Gillett,Match Report,,15.0,7.0,18.2,1.0,0,0,2023,Aston Villa
10,2023-09-30,12:30,Premier League,Matchweek 7,Sat,Home,W,6.0,1.0,Brighton,1.6,1.7,39.0,40636.0,John McGinn,4-2-3-1,Andy Madley,Match Report,,19.0,9.0,17.9,1.0,0,0,2023,Aston Villa
12,2023-10-08,14:00,Premier League,Matchweek 8,Sun,Away,D,1.0,1.0,Wolves,1.6,1.7,53.0,31425.0,John McGinn,4-4-2,Robert Jones,Match Report,,18.0,4.0,16.6,0.0,0,0,2023,Aston Villa
0,2023-08-12,15:00,Premier League,Matchweek 1,Sat,Home,W,4.0,1.0,Luton Town,4.0,1.5,70.0,31872.0,Lewis Dunk,4-2-3-1,David Coote,Match Report,,26.0,11.0,17.0,0.0,1,1,2023,Brighton and Hove Albion
1,2023-08-19,15:00,Premier League,Matchweek 2,Sat,Away,W,4.0,1.0,Wolves,2.2,2.1,53.0,31317.0,Lewis Dunk,4-2-3-1,Andy Madley,Match Report,,16.0,8.0,15.6,0.0,0,0,2023,Brighton and Hove Albion
2,2023-08-26,17:30,Premier League,Matchweek 3,Sat,Home,L,1.0,3.0,West Ham,1.5,3.0,78.0,31508.0,Lewis Dunk,4-2-3-1,Anthony Taylor,Match Report,,25.0,10.0,19.5,1.0,0,0,2023,Brighton and Hove Albion
3,2023-09-02,17:30,Premier League,Matchweek 4,Sat,Home,W,3.0,1.0,Newcastle Utd,1.3,1.2,56.0,31620.0,Lewis Dunk,4-2-3-1,Stuart Attwell,Match Report,,15.0,6.0,17.3,0.0,0,0,2023,Brighton and Hove Albion
4,2023-09-16,15:00,Premier League,Matchweek 5,Sat,Away,W,3.0,1.0,Manchester Utd,1.7,1.0,56.0,73592.0,Lewis Dunk,4-2-3-1,Jarred Gillett,Match Report,,10.0,8.0,17.1,0.0,0,0,2023,Brighton and Hove Albion
6,2023-09-24,14:00,Premier League,Matchweek 6,Sun,Home,W,3.0,1.0,Bournemouth,1.9,1.1,61.0,31617.0,Lewis Dunk,4-2-3-1,John Brooks,Match Report,,13.0,4.0,17.1,0.0,0,0,2023,Brighton and Hove Albion
8,2023-09-30,12:30,Premier League,Matchweek 7,Sat,Away,L,1.0,6.0,Aston Villa,1.7,1.6,61.0,40636.0,Lewis Dunk,4-2-3-1,Andy Madley,Match Report,,11.0,3.0,15.4,0.0,0,0,2023,Brighton and Hove Albion
10,2023-10-08,14:00,Premier League,Matchweek 8,Sun,Home,D,2.0,2.0,Liverpool,2.3,2.3,46.0,31752.0,Lewis Dunk,4-2-3-1,Anthony Taylor,Match Report,,14.0,3.0,17.0,2.0,0,0,2023,Brighton and Hove Albion
0,2023-08-12,15:00,Premier League,Matchweek 1,Sat,Away,D,1.0,1.0,Bournemouth,1.1,1.3,38.0,11245.0,Kurt Zouma,4-2-3-1,Peter Bankes,Match Report,,16.0,2.0,16.1,0.0,0,0,2023,West Ham United
1,2023-08-20,16:30,Premier League,Matchweek 2,Sun,Home,W,3.0,1.0,Chelsea,1.8,2.5,25.0,62451.0,Kurt Zouma,4-2-3-1,John Brooks,Match Report,,11.0,5.0,19.6,0.0,1,1,2023,West Ham United
2,2023-08-26,17:30,Premier League,Matchweek 3,Sat,Away,W,3.0,1.0,Brighton,3.0,1.5,22.0,31508.0,Kurt Zouma,4-1-4-1,Anthony Taylor,Match Report,,12.0,7.0,12.3,0.0,0,0,2023,West Ham United
3,2023-09-01,20:00,Premier League,Matchweek 4,Fri,Away,W,2.0,1.0,Luton Town,1.0,1.4,61.0,10802.0,Kurt Zouma,4-2-3-1,Paul Tierney,Match Report,,9.0,3.0,16.3,0.0,0,0,2023,West Ham United
4,2023-09-16,15:00,Premier League,Matchweek 5,Sat,Home,L,1.0,3.0,Manchester City,0.9,3.6,32.0,62475.0,Kurt Zouma,4-2-3-1,Andy Madley,Match Report,,6.0,3.0,12.1,0.0,0,0,2023,West Ham United
6,2023-09-24,14:00,Premier League,Matchweek 6,Sun,Away,L,1.0,3.0,Liverpool,1.1,3.0,37.0,50136.0,Kurt Zouma,4-2-3-1,Chris Kavanagh,Match Report,,11.0,4.0,13.5,0.0,0,0,2023,West Ham United
8,2023-09-30,15:00,Premier League,Matchweek 7,Sat,Home,W,2.0,0.0,Sheffield Utd,2.1,1.1,52.0,62459.0,Kurt Zouma,4-2-3-1,Graham Scott,Match Report,,20.0,8.0,12.6,1.0,0,0,2023,West Ham United
10,2023-10-08,14:00,Premier League,Matchweek 8,Sun,Home,D,2.0,2.0,Newcastle Utd,1.2,2.0,36.0,62473.0,Kurt Zouma,4-2-3-1,Peter Bankes,Match Report,,5.0,3.0,14.9,1.0,0,0,2023,West Ham United
0,2023-08-12,17:30,Premier League,Matchweek 1,Sat,Home,W,5.0,1.0,Aston Villa,3.3,1.8,52.0,52207.0,Kieran Trippier,4-3-3,Andy Madley,Match Report,,17.0,12.0,13.2,0.0,0,0,2023,Newcastle United
1,2023-08-19,20:00,Premier League,Matchweek 2,Sat,Away,L,0.0,1.0,Manchester City,0.3,1.0,41.0,,Kieran Trippier,4-3-3,Robert Jones,Match Report,,7.0,1.0,20.3,0.0,0,0,2023,Newcastle United
2,2023-08-27,16:30,Premier League,Matchweek 3,Sun,Home,L,1.0,2.0,Liverpool,2.0,0.9,59.0,52214.0,Kieran Trippier,4-3-3,John Brooks,Match Report,,23.0,8.0,18.3,1.0,0,0,2023,Newcastle United
3,2023-09-02,17:30,Premier League,Matchweek 4,Sat,Away,L,1.0,3.0,Brighton,1.2,1.3,44.0,31620.0,Kieran Trippier,4-3-3,Stuart Attwell,Match Report,,9.0,2.0,14.6,0.0,0,0,2023,Newcastle United
4,2023-09-16,17:30,Premier League,Matchweek 5,Sat,Home,W,1.0,0.0,Brentford,1.4,0.5,56.0,51670.0,Kieran Trippier,4-3-3,Craig Pawson,Match Report,,8.0,1.0,20.2,0.0,1,1,2023,Newcastle United
6,2023-09-24,16:30,Premier League,Matchweek 6,Sun,Away,W,8.0,0.0,Sheffield Utd,3.9,0.9,58.0,31127.0,Kieran Trippier,4-3-3,Stuart Attwell,Match Report,,22.0,15.0,14.2,0.0,0,0,2023,Newcastle United
8,2023-09-30,15:00,Premier League,Matchweek 7,Sat,Home,W,2.0,0.0,Burnley,3.2,0.6,53.0,51687.0,Jamaal Lascelles,4-3-3,Thomas Bramall,Match Report,,19.0,6.0,15.8,0.0,1,1,2023,Newcastle United
10,2023-10-08,14:00,Premier League,Matchweek 8,Sun,Away,D,2.0,2.0,West Ham,2.0,1.2,64.0,62473.0,Jamaal Lascelles,4-3-3,Peter Bankes,Match Report,,10.0,3.0,12.1,0.0,0,0,2023,Newcastle United
0,2023-08-12,15:00,Premier League,Matchweek 1,Sat,Away,W,1.0,0.0,Sheffield Utd,1.9,0.5,68.0,31194.0,Joel Ward,4-2-3-1,John Brooks,Match Report,,24.0,8.0,18.5,1.0,0,0,2023,Crystal Palace
1,2023-08-21,20:00,Premier League,Matchweek 2,Mon,Home,L,0.0,1.0,Arsenal,1.0,2.0,47.0,24189.0,Joel Ward,4-2-3-1,David Coote,Match Report,,14.0,2.0,16.4,1.0,0,0,2023,Crystal Palace
2,2023-08-26,15:00,Premier League,Matchweek 3,Sat,Away,D,1.0,1.0,Brentford,0.8,1.0,40.0,16997.0,Joel Ward,4-2-3-1,Peter Bankes,Match Report,,15.0,5.0,16.9,1.0,0,0,2023,Crystal Palace
4,2023-09-03,14:00,Premier League,Matchweek 4,Sun,Home,W,3.0,2.0,Wolves,2.1,1.2,43.0,24741.0,Joel Ward,4-3-3,Robert Jones,Match Report,,16.0,10.0,13.8,1.0,0,0,2023,Crystal Palace
5,2023-09-16,15:00,Premier League,Matchweek 5,Sat,Away,L,1.0,3.0,Aston Villa,1.2,3.0,34.0,40809.0,Joel Ward,4-4-1-1,Darren England,Match Report,,6.0,3.0,16.1,0.0,0,0,2023,Crystal Palace
6,2023-09-23,15:00,Premier League,Matchweek 6,Sat,Home,D,0.0,0.0,Fulham,0.3,0.6,51.0,25072.0,Joel Ward,4-2-3-1,Paul Tierney,Match Report,,7.0,3.0,18.9,1.0,0,0,2023,Crystal Palace
8,2023-09-30,15:00,Premier League,Matchweek 7,Sat,Away,W,1.0,0.0,Manchester Utd,0.9,1.3,23.0,73428.0,Joel Ward,4-3-3,Chris Kavanagh,Match Report,,8.0,2.0,13.5,0.0,0,0,2023,Crystal Palace
9,2023-10-07,17:30,Premier League,Matchweek 8,Sat,Home,D,0.0,0.0,Nott'ham Forest,0.8,1.0,52.0,25017.0,Marc Guéhi,4-3-3,Craig Pawson,Match Report,,8.0,2.0,15.2,0.0,0,0,2023,Crystal Palace
0,2023-08-14,20:00,Premier League,Matchweek 1,Mon,Home,W,1.0,0.0,Wolves,2.2,2.2,51.0,73358.0,Bruno Fernandes,4-1-4-1,Simon Hooper,Match Report,,15.0,2.0,14.7,0.0,0,0,2023,Manchester United
1,2023-08-19,17:30,Premier League,Matchweek 2,Sat,Away,L,0.0,2.0,Tottenham,2.1,1.7,45.0,61910.0,Bruno Fernandes,4-2-3-1,Michael Oliver,Match Report,,22.0,6.0,15.6,1.0,0,0,2023,Manchester United
2,2023-08-26,15:00,Premier League,Matchweek 3,Sat,Home,W,3.0,2.0,Nott'ham Forest,2.8,1.2,66.0,73595.0,Bruno Fernandes,4-2-3-1,Stuart Attwell,Match Report,,17.0,8.0,20.3,0.0,1,1,2023,Manchester United
3,2023-09-03,16:30,Premier League,Matchweek 4,Sun,Away,L,1.0,3.0,Arsenal,0.9,2.3,45.0,60192.0,Bruno Fernandes,4-2-3-1,Anthony Taylor,Match Report,,10.0,2.0,16.5,0.0,0,0,2023,Manchester United
4,2023-09-16,15:00,Premier League,Matchweek 5,Sat,Home,L,1.0,3.0,Brighton,1.0,1.7,44.0,73592.0,Bruno Fernandes,4-1-2-1-2◆,Jarred Gillett,Match Report,,14.0,4.0,18.6,1.0,0,0,2023,Manchester United
6,2023-09-23,20:00,Premier League,Matchweek 6,Sat,Away,W,1.0,0.0,Burnley,1.0,1.1,39.0,21593.0,Bruno Fernandes,4-2-3-1,Tony Harrington,Match Report,,11.0,4.0,15.0,0.0,0,0,2023,Manchester United
8,2023-09-30,15:00,Premier League,Matchweek 7,Sat,Home,L,0.0,1.0,Crystal Palace,1.3,0.9,77.0,73428.0,Bruno Fernandes,4-2-3-1,Chris Kavanagh,Match Report,,19.0,3.0,15.5,0.0,0,0,2023,Manchester United
10,2023-10-07,15:00,Premier League,Matchweek 8,Sat,Home,W,2.0,1.0,Brentford,1.4,0.9,64.0,73453.0,Bruno Fernandes,4-2-3-1,Andy Madley,Match Report,,21.0,8.0,18.3,1.0,0,0,2023,Manchester United
0,2023-08-13,16:30,Premier League,Matchweek 1,Sun,Home,D,1.0,1.0,Liverpool,1.4,1.3,65.0,40096.0,Reece James,3-4-3,Anthony Taylor,Match Report,,10.0,4.0,13.2,1.0,0,0,2023,Chelsea
1,2023-08-20,16:30,Premier League,Matchweek 2,Sun,Away,L,1.0,3.0,West Ham,2.5,1.8,75.0,62451.0,Ben Chilwell,3-4-3,John Brooks,Match Report,,16.0,3.0,17.1,0.0,0,1,2023,Chelsea
2,2023-08-25,20:00,Premier League,Matchweek 3,Fri,Home,W,3.0,0.0,Luton Town,2.2,0.4,67.0,39893.0,Ben Chilwell,3-4-3,Robert Jones,Match Report,,19.0,8.0,14.2,1.0,0,0,2023,Chelsea
4,2023-09-02,15:00,Premier League,Matchweek 4,Sat,Home,L,0.0,1.0,Nott'ham Forest,2.3,0.8,75.0,39820.0,Ben Chilwell,3-4-3,Tim Robinson,Match Report,,21.0,2.0,17.7,2.0,0,0,2023,Chelsea
5,2023-09-17,14:00,Premier League,Matchweek 5,Sun,Away,D,0.0,0.0,Bournemouth,1.8,1.0,64.0,10421.0,Conor Gallagher,4-2-3-1,David Coote,Match Report,,14.0,6.0,15.0,1.0,0,0,2023,Chelsea
6,2023-09-24,14:00,Premier League,Matchweek 6,Sun,Home,L,0.0,1.0,Aston Villa,1.3,1.0,53.0,39700.0,Conor Gallagher,4-2-3-1,Jarred Gillett,Match Report,,10.0,4.0,17.8,0.0,0,0,2023,Chelsea
8,2023-10-02,20:00,Premier League,Matchweek 7,Mon,Away,W,2.0,0.0,Fulham,1.7,1.1,44.0,24445.0,Conor Gallagher,4-3-3,Tim Robinson,Match Report,,11.0,4.0,19.8,1.0,0,0,2023,Chelsea
9,2023-10-07,15:00,Premier League,Matchweek 8,Sat,Away,W,4.0,1.0,Burnley,1.9,0.7,62.0,21654.0,Conor Gallagher,4-3-3,Stuart Attwell,Match Report,,8.0,4.0,18.1,0.0,1,1,2023,Chelsea
0,2023-08-12,15:00,Premier League,Matchweek 1,Sat,Away,W,1,0,Everton,1.5,2.7,58.0,39940.0,Tom Cairney,4-3-3,Stuart Attwell,Match Report,,9.0,2.0,13.2,0.0,0,0,2023,Fulham
1,2023-08-19,15:00,Premier League,Matchweek 2,Sat,Home,L,0,3,Brentford,0.5,3.7,55.0,24236.0,Tim Ream,4-3-3,Darren Bond,Match Report,,10.0,2.0,22.3,1.0,0,0,2023,Fulham
2,2023-08-26,15:00,Premier League,Matchweek 3,Sat,Away,D,2,2,Arsenal,0.6,3.2,29.0,59961.0,Bobby Reid,4-3-3,Paul Tierney,Match Report,,8.0,3.0,17.8,0.0,0,0,2023,Fulham
4,2023-09-02,15:00,Premier League,Matchweek 4,Sat,Away,L,1,5,Manchester City,1.4,2.2,32.0,52899.0,Tom Cairney,4-3-3,Michael Oliver,Match Report,,6.0,4.0,11.4,0.0,0,0,2023,Fulham
5,2023-09-16,15:00,Premier League,Matchweek 5,Sat,Home,W,1,0,Luton Town,1.0,1.1,77.0,24467.0,Tim Ream,4-3-3,Michael Salisbury,Match Report,,13.0,2.0,19.5,2.0,0,0,2023,Fulham
6,2023-09-23,15:00,Premier League,Matchweek 6,Sat,Away,D,0,0,Crystal Palace,0.6,0.3,49.0,25072.0,Tim Ream,4-3-3,Paul Tierney,Match Report,,10.0,5.0,18.7,1.0,0,0,2023,Fulham
8,2023-10-02,20:00,Premier League,Matchweek 7,Mon,Home,L,0,2,Chelsea,1.1,1.7,56.0,24445.0,Tim Ream,4-3-3,Tim Robinson,Match Report,,10.0,3.0,13.2,0.0,0,0,2023,Fulham
9,2023-10-07,15:00,Premier League,Matchweek 8,Sat,Home,W,3,1,Sheffield Utd,2.2,0.6,60.0,24361.0,Tim Ream,4-3-3,Samuel Barrott,Match Report,,20.0,6.0,20.2,0.0,0,0,2023,Fulham
0,2023-08-12,12:30,Premier League,Matchweek 1,Sat,Away,L,1.0,2.0,Arsenal,1.2,0.8,22.0,59984.0,Joe Worrall,3-4-3,Michael Oliver,Match Report,,6.0,2.0,17.3,0.0,0,0,2023,Nottingham Forest
1,2023-08-18,19:45,Premier League,Matchweek 2,Fri,Home,W,2.0,1.0,Sheffield Utd,1.4,0.5,50.0,29432.0,Joe Worrall,3-4-3,Peter Bankes,Match Report,,16.0,4.0,15.6,0.0,0,0,2023,Nottingham Forest
2,2023-08-26,15:00,Premier League,Matchweek 3,Sat,Away,L,2.0,3.0,Manchester Utd,1.2,2.8,34.0,73595.0,Joe Worrall,3-4-3,Stuart Attwell,Match Report,,9.0,4.0,14.7,0.0,0,0,2023,Nottingham Forest
4,2023-09-02,15:00,Premier League,Matchweek 4,Sat,Away,W,1.0,0.0,Chelsea,0.8,2.3,25.0,39820.0,Joe Worrall,3-4-3,Tim Robinson,Match Report,,7.0,3.0,19.0,0.0,0,0,2023,Nottingham Forest
5,2023-09-18,19:45,Premier League,Matchweek 5,Mon,Home,D,1.0,1.0,Burnley,0.7,0.5,46.0,28958.0,Joe Worrall,4-2-3-1,Robert Jones,Match Report,,14.0,4.0,18.8,0.0,0,0,2023,Nottingham Forest
6,2023-09-23,15:00,Premier League,Matchweek 6,Sat,Away,L,0.0,2.0,Manchester City,1.0,1.3,43.0,53413.0,Serge Aurier,5-4-1,Anthony Taylor,Match Report,,10.0,3.0,17.8,1.0,0,0,2023,Nottingham Forest
7,2023-10-01,14:00,Premier League,Matchweek 7,Sun,Home,D,1.0,1.0,Brentford,0.5,1.6,41.0,29004.0,Serge Aurier,4-3-3,Paul Tierney,Match Report,,6.0,1.0,15.4,0.0,0,0,2023,Nottingham Forest
8,2023-10-07,17:30,Premier League,Matchweek 8,Sat,Away,D,0.0,0.0,Crystal Palace,1.0,0.8,48.0,25017.0,Serge Aurier,4-3-3,Craig Pawson,Match Report,,16.0,5.0,18.4,0.0,0,0,2023,Nottingham Forest
0,2023-08-14,20:00,Premier League,Matchweek 1,Mon,Away,L,0.0,1.0,Manchester Utd,2.2,2.2,49.0,73358.0,Max Kilman,4-4-2,Simon Hooper,Match Report,,23.0,6.0,15.3,0.0,0,0,2023,Wolverhampton Wanderers
1,2023-08-19,15:00,Premier League,Matchweek 2,Sat,Home,L,1.0,4.0,Brighton,2.1,2.2,47.0,31317.0,Max Kilman,4-4-1-1,Andy Madley,Match Report,,16.0,5.0,16.1,0.0,0,0,2023,Wolverhampton Wanderers
2,2023-08-26,15:00,Premier League,Matchweek 3,Sat,Away,W,1.0,0.0,Everton,1.1,1.3,53.0,38851.0,Max Kilman,4-4-1-1,Craig Pawson,Match Report,,11.0,2.0,17.8,1.0,0,0,2023,Wolverhampton Wanderers
4,2023-09-03,14:00,Premier League,Matchweek 4,Sun,Away,L,2.0,3.0,Crystal Palace,1.2,2.1,57.0,24741.0,Max Kilman,4-4-2,Robert Jones,Match Report,,12.0,4.0,16.2,0.0,0,0,2023,Wolverhampton Wanderers
5,2023-09-16,12:30,Premier League,Matchweek 5,Sat,Home,L,1.0,3.0,Liverpool,0.6,2.5,35.0,31257.0,Max Kilman,4-2-3-1,Michael Oliver,Match Report,,11.0,2.0,18.7,0.0,0,0,2023,Wolverhampton Wanderers
6,2023-09-23,15:00,Premier League,Matchweek 6,Sat,Away,D,1.0,1.0,Luton Town,0.6,2.1,43.0,10893.0,Max Kilman,4-2-3-1,Joshua Smith,Match Report,,3.0,3.0,7.0,0.0,0,0,2023,Wolverhampton Wanderers
8,2023-09-30,15:00,Premier League,Matchweek 7,Sat,Home,W,2.0,1.0,Manchester City,0.4,0.9,32.0,31415.0,Max Kilman,3-4-3,Craig Pawson,Match Report,,3.0,1.0,11.4,0.0,0,0,2023,Wolverhampton Wanderers
9,2023-10-08,14:00,Premier League,Matchweek 8,Sun,Home,D,1.0,1.0,Aston Villa,1.7,1.6,47.0,31425.0,Max Kilman,3-4-3,Robert Jones,Match Report,,8.0,3.0,16.0,0.0,0,0,2023,Wolverhampton Wanderers
0,2023-08-13,14:00,Premier League,Matchweek 1,Sun,Home,D,2,2,Tottenham,2.2,1.3,31.0,17066.0,Christian Nørgaard,5-3-2,Robert Jones,Match Report,,10.0,5.0,18.0,0.0,1,1,2023,Brentford
1,2023-08-19,15:00,Premier League,Matchweek 2,Sat,Away,W,3,0,Fulham,3.7,0.5,45.0,24236.0,Christian Nørgaard,4-3-3,Darren Bond,Match Report,,16.0,7.0,13.8,1.0,1,1,2023,Brentford
2,2023-08-26,15:00,Premier League,Matchweek 3,Sat,Home,D,1,1,Crystal Palace,1.0,0.8,60.0,16997.0,Christian Nørgaard,4-3-3,Peter Bankes,Match Report,,12.0,1.0,13.7,0.0,0,0,2023,Brentford
4,2023-09-02,15:00,Premier League,Matchweek 4,Sat,Home,D,2,2,Bournemouth,2.9,2.1,60.0,16973.0,Christian Nørgaard,4-3-3,Robert Madley,Match Report,,21.0,7.0,14.7,1.0,0,0,2023,Brentford
5,2023-09-16,17:30,Premier League,Matchweek 5,Sat,Away,L,0,1,Newcastle Utd,0.5,1.4,44.0,51670.0,Christian Nørgaard,5-3-2,Craig Pawson,Match Report,,11.0,2.0,15.7,0.0,0,0,2023,Brentford
6,2023-09-23,17:30,Premier League,Matchweek 6,Sat,Home,L,1,3,Everton,1.0,1.9,57.0,16981.0,Christian Nørgaard,4-3-3,Michael Oliver,Match Report,,12.0,2.0,13.9,1.0,0,0,2023,Brentford
8,2023-10-01,14:00,Premier League,Matchweek 7,Sun,Away,D,1,1,Nott'ham Forest,1.6,0.5,59.0,29004.0,Christian Nørgaard,4-3-3,Paul Tierney,Match Report,,18.0,3.0,14.1,0.0,0,0,2023,Brentford
9,2023-10-07,15:00,Premier League,Matchweek 8,Sat,Away,L,1,2,Manchester Utd,0.9,1.4,36.0,73453.0,Christian Nørgaard,3-5-2,Andy Madley,Match Report,,11.0,3.0,17.3,0.0,0,0,2023,Brentford
0,2023-08-12,15:00,Premier League,Matchweek 1,Sat,Home,L,0.0,1.0,Fulham,2.7,1.5,42.0,39940.0,James Tarkowski,4-4-1-1,Stuart Attwell,Match Report,,19.0,9.0,15.8,0.0,0,0,2023,Everton
1,2023-08-20,14:00,Premier League,Matchweek 2,Sun,Away,L,0.0,4.0,Aston Villa,0.6,2.9,40.0,41694.0,James Tarkowski,4-1-4-1,Anthony Taylor,Match Report,,9.0,2.0,14.7,0.0,0,0,2023,Everton
2,2023-08-26,15:00,Premier League,Matchweek 3,Sat,Home,L,0.0,1.0,Wolves,1.3,1.1,47.0,38851.0,James Tarkowski,4-1-4-1,Craig Pawson,Match Report,,15.0,7.0,13.8,0.0,0,0,2023,Everton
4,2023-09-02,12:30,Premier League,Matchweek 4,Sat,Away,D,2.0,2.0,Sheffield Utd,2.5,1.2,54.0,31124.0,James Tarkowski,4-4-1-1,Andy Madley,Match Report,,16.0,6.0,14.8,2.0,0,0,2023,Everton
5,2023-09-17,16:30,Premier League,Matchweek 5,Sun,Home,L,0.0,1.0,Arsenal,0.3,1.0,26.0,39217.0,James Tarkowski,4-5-1,Simon Hooper,Match Report,,8.0,1.0,21.6,0.0,0,0,2023,Everton
6,2023-09-23,17:30,Premier League,Matchweek 6,Sat,Away,W,3.0,1.0,Brentford,1.9,1.0,43.0,16981.0,James Tarkowski,4-4-1-1,Michael Oliver,Match Report,,18.0,6.0,17.8,0.0,0,0,2023,Everton
8,2023-09-30,15:00,Premier League,Matchweek 7,Sat,Home,L,1.0,2.0,Luton Town,2.9,0.9,67.0,39289.0,James Tarkowski,4-4-1-1,Anthony Taylor,Match Report,,23.0,4.0,14.4,0.0,0,0,2023,Everton
9,2023-10-07,15:00,Premier League,Matchweek 8,Sat,Home,W,3.0,0.0,Bournemouth,2.4,0.7,48.0,38815.0,James Tarkowski,4-4-1-1,David Coote,Match Report,,25.0,8.0,15.8,0.0,0,0,2023,Everton
0,2023-08-12,15:00,Premier League,Matchweek 1,Sat,Away,L,1.0,4.0,Brighton,1.5,4.0,30.0,31872.0,Tom Lockyer,3-5-2,David Coote,Match Report,,8.0,2.0,16.6,0.0,1,1,2023,Luton Town
1,2023-08-25,20:00,Premier League,Matchweek 3,Fri,Away,L,0.0,3.0,Chelsea,0.4,2.2,33.0,39893.0,Tom Lockyer,5-3-2,Robert Jones,Match Report,,11.0,1.0,19.0,1.0,0,0,2023,Luton Town
3,2023-09-01,20:00,Premier League,Matchweek 4,Fri,Home,L,1.0,2.0,West Ham,1.4,1.0,39.0,10802.0,Carlton Morris,5-3-2,Paul Tierney,Match Report,,16.0,1.0,11.9,0.0,0,0,2023,Luton Town
4,2023-09-16,15:00,Premier League,Matchweek 5,Sat,Away,L,0.0,1.0,Fulham,1.1,1.0,23.0,24467.0,Tom Lockyer,5-3-2,Michael Salisbury,Match Report,,7.0,2.0,10.0,0.0,0,0,2023,Luton Town
5,2023-09-23,15:00,Premier League,Matchweek 6,Sat,Home,D,1.0,1.0,Wolves,2.1,0.6,57.0,10893.0,Tom Lockyer,3-4-3,Joshua Smith,Match Report,,19.0,3.0,17.3,0.0,1,1,2023,Luton Town
7,2023-09-30,15:00,Premier League,Matchweek 7,Sat,Away,W,2.0,1.0,Everton,0.9,2.9,33.0,39289.0,Tom Lockyer,3-4-3,Anthony Taylor,Match Report,,9.0,2.0,13.4,0.0,0,0,2023,Luton Town
8,2023-10-03,19:30,Premier League,Matchweek 2,Tue,Home,L,1.0,2.0,Burnley,1.3,1.1,49.0,10918.0,Tom Lockyer,3-4-3,Peter Bankes,Match Report,,18.0,2.0,13.1,0.0,0,0,2023,Luton Town
9,2023-10-07,12:30,Premier League,Matchweek 8,Sat,Home,L,0.0,1.0,Tottenham,0.8,1.9,34.0,10290.0,Tom Lockyer,4-4-2,John Brooks,Match Report,,12.0,2.0,16.3,0.0,0,0,2023,Luton Town
0,2023-08-11,20:00,Premier League,Matchweek 1,Fri,Home,L,0.0,3.0,Manchester City,0.3,1.9,35.0,21572.0,Josh Cullen,5-4-1,Craig Pawson,Match Report,,6.0,1.0,14.9,0.0,0,0,2023,Burnley
1,2023-08-27,14:00,Premier League,Matchweek 3,Sun,Home,L,1.0,3.0,Aston Villa,0.7,2.5,57.0,21591.0,Josh Cullen,4-4-2,Michael Salisbury,Match Report,,9.0,2.0,17.7,0.0,0,0,2023,Burnley
3,2023-09-02,15:00,Premier League,Matchweek 4,Sat,Home,L,2.0,5.0,Tottenham,1.3,2.2,47.0,21750.0,Josh Cullen,4-4-2,Darren England,Match Report,,16.0,4.0,17.9,1.0,0,0,2023,Burnley
4,2023-09-18,19:45,Premier League,Matchweek 5,Mon,Away,D,1.0,1.0,Nott'ham Forest,0.5,0.7,54.0,28958.0,Josh Brownhill,4-2-3-1,Robert Jones,Match Report,,10.0,3.0,18.9,0.0,0,0,2023,Burnley
5,2023-09-23,20:00,Premier League,Matchweek 6,Sat,Home,L,0.0,1.0,Manchester Utd,1.1,1.0,61.0,21593.0,Josh Brownhill,4-3-3,Tony Harrington,Match Report,,12.0,4.0,15.6,0.0,0,0,2023,Burnley
7,2023-09-30,15:00,Premier League,Matchweek 7,Sat,Away,L,0.0,2.0,Newcastle Utd,0.6,3.2,47.0,51687.0,Josh Brownhill,4-2-3-1,Thomas Bramall,Match Report,,8.0,2.0,16.3,0.0,0,0,2023,Burnley
8,2023-10-03,19:30,Premier League,Matchweek 2,Tue,Away,W,2.0,1.0,Luton Town,1.1,1.3,51.0,10918.0,Josh Brownhill,4-3-3,Peter Bankes,Match Report,,14.0,4.0,20.2,0.0,0,0,2023,Burnley
9,2023-10-07,15:00,Premier League,Matchweek 8,Sat,Home,L,1.0,4.0,Chelsea,0.7,1.9,38.0,21654.0,Josh Brownhill,4-3-3,Stuart Attwell,Match Report,,10.0,3.0,18.2,1.0,0,0,2023,Burnley
0,2023-08-12,15:00,Premier League,Matchweek 1,Sat,Home,D,1.0,1.0,West Ham,1.3,1.1,62.0,11245.0,Neto,4-2-3-1,Peter Bankes,Match Report,,14.0,5.0,20.7,1.0,0,0,2023,Bournemouth
1,2023-08-19,15:00,Premier League,Matchweek 2,Sat,Away,L,1.0,3.0,Liverpool,1.3,3.0,36.0,53145.0,Neto,4-2-3-1,Thomas Bramall,Match Report,,13.0,5.0,19.7,1.0,0,0,2023,Bournemouth
2,2023-08-26,12:30,Premier League,Matchweek 3,Sat,Home,L,0.0,2.0,Tottenham,0.7,2.1,44.0,10567.0,Neto,4-2-3-1,Tim Robinson,Match Report,,11.0,3.0,17.8,0.0,0,0,2023,Bournemouth
4,2023-09-02,15:00,Premier League,Matchweek 4,Sat,Away,D,2.0,2.0,Brentford,2.1,2.9,40.0,16973.0,Neto,4-2-3-1,Robert Madley,Match Report,,12.0,5.0,15.1,0.0,0,0,2023,Bournemouth
5,2023-09-17,14:00,Premier League,Matchweek 5,Sun,Home,D,0.0,0.0,Chelsea,1.0,1.8,36.0,10421.0,Neto,4-2-3-1,David Coote,Match Report,,13.0,4.0,16.7,1.0,0,0,2023,Bournemouth
6,2023-09-24,14:00,Premier League,Matchweek 6,Sun,Away,L,1.0,3.0,Brighton,1.1,1.9,39.0,31617.0,Neto,4-2-3-1,John Brooks,Match Report,,12.0,3.0,17.6,1.0,0,0,2023,Bournemouth
8,2023-09-30,15:00,Premier League,Matchweek 7,Sat,Home,L,0.0,4.0,Arsenal,0.6,3.4,43.0,11193.0,Neto,4-2-3-1,Michael Salisbury,Match Report,,8.0,1.0,14.1,0.0,0,0,2023,Bournemouth
9,2023-10-07,15:00,Premier League,Matchweek 8,Sat,Away,L,0.0,3.0,Everton,0.7,2.4,52.0,38815.0,Neto,4-2-3-1,David Coote,Match Report,,11.0,3.0,16.2,0.0,0,0,2023,Bournemouth
0,2023-08-12,15:00,Premier League,Matchweek 1,Sat,Home,L,0,1,Crystal Palace,0.5,1.9,32.0,31194.0,John Egan,3-4-3,John Brooks,Match Report,,8.0,1.0,19.4,0.0,0,0,2023,Sheffield United
1,2023-08-18,19:45,Premier League,Matchweek 2,Fri,Away,L,1,2,Nott'ham Forest,0.5,1.4,50.0,29432.0,John Egan,3-4-3,Peter Bankes,Match Report,,7.0,3.0,18.8,0.0,0,0,2023,Sheffield United
2,2023-08-27,14:00,Premier League,Matchweek 3,Sun,Home,L,1,2,Manchester City,0.7,3.5,21.0,31336.0,John Egan,3-5-2,Jarred Gillett,Match Report,,6.0,1.0,16.1,0.0,0,0,2023,Sheffield United
4,2023-09-02,12:30,Premier League,Matchweek 4,Sat,Home,D,2,2,Everton,1.2,2.5,46.0,31124.0,John Egan,3-5-2,Andy Madley,Match Report,,13.0,7.0,14.1,0.0,0,0,2023,Sheffield United
5,2023-09-16,15:00,Premier League,Matchweek 5,Sat,Away,L,1,2,Tottenham,0.7,2.1,30.0,61706.0,Chris Basham,3-5-2,Peter Bankes,Match Report,,7.0,5.0,17.6,0.0,0,0,2023,Sheffield United
6,2023-09-24,16:30,Premier League,Matchweek 6,Sun,Home,L,0,8,Newcastle Utd,0.9,3.9,42.0,31127.0,John Egan,3-4-3,Stuart Attwell,Match Report,,9.0,1.0,13.7,0.0,0,0,2023,Sheffield United
7,2023-09-30,15:00,Premier League,Matchweek 7,Sat,Away,L,0,2,West Ham,1.1,2.1,48.0,62459.0,John Egan,3-5-2,Graham Scott,Match Report,,16.0,2.0,15.7,0.0,0,0,2023,Sheffield United
8,2023-10-07,15:00,Premier League,Matchweek 8,Sat,Away,L,1,3,Fulham,0.6,2.2,40.0,24361.0,Chris Basham,3-5-2,Samuel Barrott,Match Report,,5.0,2.0,16.6,0.0,0,0,2023,Sheffield United
